501,Mary,Black,mary.black@bell.org,Some notes go here.
502,George,Johnson,george.johnson@rogers.org,Some notes go here.
503,Lucas,King,lucas.king@bell.net,Some notes go here.
504,Jim,Martinez,jim.martinez@example.com,Some notes go here.
505,Amy,King,amy.king@sympatico.tv,Some notes go here.
506,Chris,Martinez,chris.martinez@google.org,Some notes go here.
507,Andy,Nolin,andy.nolin@google.net,Some notes go here.
508,Chris,Smith,chris.smith@google.net,Some notes go here.
509,Mary,Nolin,mary.nolin@example.com,Some notes go here.
510,Chris,Nolin,chris.nolin@bell.com,Some notes go here.
511,Mary,Martinez,mary.martinez@example.net,Some notes go here.
512,Julie,Verges,julie.verges@bell.net,Some notes go here.
513,Jim,Martinez,jim.martinez@hotmail.net,Some notes go here.
514,Matt,Johnson,matt.johnson@bell.org,Some notes go here.
515,Mary,Black,mary.black@sympatico.com,Some notes go here.
516,Mary,King,mary.king@sympatico.net,Some notes go here.
517,Andy,Johnson,andy.johnson@hotmail.com,Some notes go here.
518,Chris,Parker,chris.parker@hotmail.net,Some notes go here.
519,Amy,Kerns,amy.kerns@google.com,Some notes go here.
520,Matt,Black,matt.black@hotmail.com,Some notes go here.
521,Julie,Parker,julie.parker@bell.org,Some notes go here.
522,Andy,Johnson,andy.johnson@hotmail.net,Some notes go here.
523,George,Verges,george.verges@hotmail.net,Some notes go here.
524,Jim,Nolin,jim.nolin@hotmail.net,Some notes go here.
525,George,Smith,george.smith@sympatico.com,Some notes go here.
526,Sarah,Nolin,sarah.nolin@hotmail.com,Some notes go here.
527,George,Black,george.black@example.tv,Some notes go here.
528,Julie,Black,julie.black@example.org,Some notes go here.
529,Amy,King,amy.king@hotmail.net,Some notes go here.
530,Lucas,Verges,lucas.verges@google.org,Some notes go here.
531,Sarah,Verges,sarah.verges@google.net,Some notes go here.
532,Jim,Nolin,jim.nolin@bell.tv,Some notes go here.
533,Chris,Nolin,chris.nolin@hotmail.net,Some notes go here.
534,Julie,Johnson,julie.johnson@example.net,Some notes go here.
535,Sarah,Smith,sarah.smith@example.net,Some notes go here.
536,Mary,Verges,mary.verges@bell.net,Some notes go here.
537,Andy,Johnson,andy.johnson@bell.org,Some notes go here.
538,Julie,Verges,julie.verges@example.tv,Some notes go here.
539,George,Johnson,george.johnson@bell.com,Some notes go here.
540,George,King,george.king@sympatico.net,Some notes go here.
541,Jim,Kerns,jim.kerns@example.tv,Some notes go here.
542,George,Verges,george.verges@google.net,Some notes go here.
543,Andy,Parker,andy.parker@example.net,Some notes go here.
544,Andy,King,andy.king@sympatico.com,Some notes go here.
